UF;nom_mun;ano;transferencia;VL_CONSOLIDADO;cod_ibge
MG;Minas Gerais;2007;FUNDEB - FPE;160653935;31
MG;Minas Gerais;2007;FUNDEB - FPM;495962363,5;31
MG;Minas Gerais;2007;FUNDEB - ICMS;1816182637;31
MG;Minas Gerais;2007;FUNDEB - IPI-EXP;34466929,27;31
MG;Minas Gerais;2007;FUNDEB - IPVA;60907818,49;31
MG;Minas Gerais;2007;FUNDEB - ITCMD;4705277,6;31
MG;Minas Gerais;2007;FUNDEB - ITR;743443,46;31
MG;Minas Gerais;2007;FUNDEB - LC 87;23629280,53;31
MG;Minas Gerais;2008;FUNDEB - FPE;217027019,8;31
MG;Minas Gerais;2008;FUNDEB - FPM;669506897,1;31
MG;Minas Gerais;2008;FUNDEB - ICMS;2394339173;31
MG;Minas Gerais;2008;FUNDEB - IPI-EXP;44754002,01;31
MG;Minas Gerais;2008;FUNDEB - IPVA;142273204,8;31
MG;Minas Gerais;2008;FUNDEB - ITCMD;12016763,2;31
MG;Minas Gerais;2008;FUNDEB - ITR;1754507,7;31
MG;Minas Gerais;2008;FUNDEB - LC 87;26107766,34;31
MG;Minas Gerais;2009;FUNDEB - FPE;231006260,1;31
MG;Minas Gerais;2009;FUNDEB - FPM;711252050,2;31
MG;Minas Gerais;2009;FUNDEB - ICMS;2597439494;31
MG;Minas Gerais;2009;FUNDEB - IPI-EXP;38981275,86;31
MG;Minas Gerais;2009;FUNDEB - IPVA;246099298,6;31
MG;Minas Gerais;2009;FUNDEB - ITCMD;23517742,43;31
MG;Minas Gerais;2009;FUNDEB - ITR;3982695,57;31
MG;Minas Gerais;2009;FUNDEB - LC 87;28833185,4;31
MG;Minas Gerais;2010;FUNDEB - FPE;244901345,3;31
MG;Minas Gerais;2010;FUNDEB - FPM;754210235,8;31
MG;Minas Gerais;2010;FUNDEB - ICMS;3064433620;31
MG;Minas Gerais;2010;FUNDEB - IPI-EXP;54969619,54;31
MG;Minas Gerais;2010;FUNDEB - IPVA;267740506,5;31
MG;Minas Gerais;2010;FUNDEB - ITCMD;30404151,23;31
MG;Minas Gerais;2010;FUNDEB - ITR;6568938,56;31
MG;Minas Gerais;2010;FUNDEB - LC 87;28360419,12;31
MG;Minas Gerais;2011;FUNDEB - FPE;298511654,5;31
MG;Minas Gerais;2011;FUNDEB - FPM;918829979,2;31
MG;Minas Gerais;2011;FUNDEB - ICMS;3268793917;31
MG;Minas Gerais;2011;FUNDEB - IPI-EXP;64458169,76;31
MG;Minas Gerais;2011;FUNDEB - IPVA;304232237,3;31
MG;Minas Gerais;2011;FUNDEB - ITCMD;42907141,56;31
MG;Minas Gerais;2011;FUNDEB - ITR;7042713,43;31
MG;Minas Gerais;2011;FUNDEB - LC 87;28063367,16;31
MG;Minas Gerais;2012;FUNDEB - FPE;307013274,2;31
MG;Minas Gerais;2012;FUNDEB - FPM;944924758,5;31
MG;Minas Gerais;2012;FUNDEB - ICMS;3554566560;31
MG;Minas Gerais;2012;FUNDEB - IPI-EXP;71411416,92;31
MG;Minas Gerais;2012;FUNDEB - IPVA;346598925,8;31
MG;Minas Gerais;2012;FUNDEB - ITCMD;62200103,98;31
MG;Minas Gerais;2012;FUNDEB - ITR;8050071,33;31
MG;Minas Gerais;2012;FUNDEB - LC 87;27992449,94;31
MG;Minas Gerais;2013;FUNDEB - FPE;325554886,3;31
MG;Minas Gerais;2013;FUNDEB - FPM;1001629213;31
MG;Minas Gerais;2013;FUNDEB - ICMS;3988270422;31
MG;Minas Gerais;2013;FUNDEB - IPI-EXP;71968178,43;31
MG;Minas Gerais;2013;FUNDEB - IPVA;371671501,3;31
MG;Minas Gerais;2013;FUNDEB - ITCMD;59165558,09;31
MG;Minas Gerais;2013;FUNDEB - ITR;9179403,18;31
MG;Minas Gerais;2013;FUNDEB - LC 87;27600534,82;31
MG;Minas Gerais;2014;FUNDEB - FPE;353506446,9;31
MG;Minas Gerais;2014;FUNDEB - FPM;1089295388;31
MG;Minas Gerais;2014;FUNDEB - ICMS;4188321121;31
MG;Minas Gerais;2014;FUNDEB - IPI-EXP;76457876,73;31
MG;Minas Gerais;2014;FUNDEB - IPVA;416010265,8;31
MG;Minas Gerais;2014;FUNDEB - ITCMD;69802758,25;31
MG;Minas Gerais;2014;FUNDEB - ITR;10136685,48;31
MG;Minas Gerais;2014;FUNDEB - LC 87;27502933,92;31
MG;Minas Gerais;2015;FUNDEB - FPE;366268282,7;31
MG;Minas Gerais;2015;FUNDEB - FPM;1127561015;31
MG;Minas Gerais;2015;FUNDEB - ICMS;4059565457;31
MG;Minas Gerais;2015;FUNDEB - IPI-EXP;73906739,57;31
MG;Minas Gerais;2015;FUNDEB - IPVA;462778618,2;31
MG;Minas Gerais;2015;FUNDEB - ITCMD;77164413,93;31
MG;Minas Gerais;2015;FUNDEB - ITR;11117453,4;31
MG;Minas Gerais;2015;FUNDEB - LC 87;27087692,88;31
MG;Minas Gerais;2016;FUNDEB - FPE;414640907,7;31
MG;Minas Gerais;2016;FUNDEB - FPM;1275729379;31
MG;Minas Gerais;2016;FUNDEB - ICMS;4394130236;31
MG;Minas Gerais;2016;FUNDEB - IPI-EXP;54355892,64;31
MG;Minas Gerais;2016;FUNDEB - IPVA;505783212,3;31
MG;Minas Gerais;2016;FUNDEB - ITCMD;84094517;31
MG;Minas Gerais;2016;FUNDEB - ITR;11005916,4;31
MG;Minas Gerais;2016;FUNDEB - LC 87;26741434,08;31
MG;Minas Gerais;2017;FUNDEB - COUN;0;31
MG;Minas Gerais;2017;FUNDEB - FPE;399635424,6;31
MG;Minas Gerais;2017;FUNDEB - FPM;1234068378;31
MG;Minas Gerais;2017;FUNDEB - ICMS;4637836615;31
MG;Minas Gerais;2017;FUNDEB - IPI-EXP;61675639,11;31
MG;Minas Gerais;2017;FUNDEB - IPVA;532836686;31
MG;Minas Gerais;2017;FUNDEB - ITCMD;93674283,71;31
MG;Minas Gerais;2017;FUNDEB - ITR;13111070,17;31
MG;Minas Gerais;2017;FUNDEB - LC 87;27113296,32;31
MG;Minas Gerais;2018;FUNDEB - COUN;0;31
MG;Minas Gerais;2018;FUNDEB - FPE;427968780,2;31
MG;Minas Gerais;2018;FUNDEB - FPM;1308539406;31
MG;Minas Gerais;2018;FUNDEB - ICMS;2917026970;31
MG;Minas Gerais;2018;FUNDEB - IPI-EXP;73656951,11;31
MG;Minas Gerais;2018;FUNDEB - IPVA;424463712,9;31
MG;Minas Gerais;2018;FUNDEB - ITCMD;42644768,06;31
MG;Minas Gerais;2018;FUNDEB - ITR;13412443,19;31
MG;Minas Gerais;2018;FUNDEB - LC 87;26258042,8;31
MG;Minas Gerais;2019;FUNDEB - COUN;0;31
MG;Minas Gerais;2019;FUNDEB - FPE;457286417,3;31
MG;Minas Gerais;2019;FUNDEB - FPM;1396016155;31
MG;Minas Gerais;2019;FUNDEB - ICMS;5391369279;31
MG;Minas Gerais;2019;FUNDEB - IPI-EXP;62856728,06;31
MG;Minas Gerais;2019;FUNDEB - IPVA;576873187,1;31
MG;Minas Gerais;2019;FUNDEB - ITCMD;102674097,9;31
MG;Minas Gerais;2019;FUNDEB - ITR;13053414,28;31
MG;Minas Gerais;2019;FUNDEB - LC 87;0;31
MG;Minas Gerais;2020;AJUSTE FUNDEB - FPE;10425,14;31
MG;Minas Gerais;2020;AJUSTE FUNDEB - FPM;31849,21;31
MG;Minas Gerais;2020;AJUSTE FUNDEB - ICME;122414,14;31
MG;Minas Gerais;2020;AJUSTE FUNDEB - IPIE;1449,76;31
MG;Minas Gerais;2020;AJUSTE FUNDEB - IPVA;13108,26;31
MG;Minas Gerais;2020;AJUSTE FUNDEB - ITCMD;2147,65;31
MG;Minas Gerais;2020;AJUSTE FUNDEB - ITR;298,52;31
MG;Minas Gerais;2020;FUNDEB - COUN;0;31
MG;Minas Gerais;2020;FUNDEB - FPE;421528306,3;31
MG;Minas Gerais;2020;FUNDEB - FPM;1288779765;31
MG;Minas Gerais;2020;FUNDEB - ICMS;5952762877;31
MG;Minas Gerais;2020;FUNDEB - IPI-EXP;57274922,92;31
MG;Minas Gerais;2020;FUNDEB - IPVA;728486376,6;31
MG;Minas Gerais;2020;FUNDEB - ITCMD;114432695,1;31
MG;Minas Gerais;2020;FUNDEB - ITR;14066649,99;31
MG;Minas Gerais;2020;FUNDEB - LC 87;0;31
MG;Minas Gerais;2021;AJUSTE FUNDEB - FPE;-741721,26;31
MG;Minas Gerais;2021;AJUSTE FUNDEB - FPM;-2247604,98;31
MG;Minas Gerais;2021;AJUSTE FUNDEB - ICME;-8577652,32;31
MG;Minas Gerais;2021;AJUSTE FUNDEB - IPIE;-107640,64;31
MG;Minas Gerais;2021;AJUSTE FUNDEB - IPVA;-778536,3;31
MG;Minas Gerais;2021;AJUSTE FUNDEB - ITCMD;-203768,93;31
MG;Minas Gerais;2021;AJUSTE FUNDEB - ITR;-1629,01;31
MG;Minas Gerais;2021;FUNDEB - COUN;0;31
MG;Minas Gerais;2021;FUNDEB - FPE;580528694,2;31
MG;Minas Gerais;2021;FUNDEB - FPM;1739618088;31
MG;Minas Gerais;2021;FUNDEB - ICMS;7827255916;31
MG;Minas Gerais;2021;FUNDEB - IPI-EXP;77778871,7;31
MG;Minas Gerais;2021;FUNDEB - IPVA;738118340,9;31
MG;Minas Gerais;2021;FUNDEB - ITCMD;177499548,3;31
MG;Minas Gerais;2021;FUNDEB - ITR;17188707,04;31
MG;Minas Gerais;2021;FUNDEB - LC 87;0;31
MG;Minas Gerais;2022;AJUSTE FUNDEB - FPE;-2017,16;31
MG;Minas Gerais;2022;AJUSTE FUNDEB - FPM;-6008,65;31
MG;Minas Gerais;2022;AJUSTE FUNDEB - ICME;-20205,56;31
MG;Minas Gerais;2022;AJUSTE FUNDEB - IPIE;-226,65;31
MG;Minas Gerais;2022;AJUSTE FUNDEB - IPVA;-2828,1;31
MG;Minas Gerais;2022;AJUSTE FUNDEB - ITCMD;-412,56;31
MG;Minas Gerais;2022;AJUSTE FUNDEB - ITR;-6,61;31
MG;Minas Gerais;2022;FUNDEB - AFE;51822358,25;31
MG;Minas Gerais;2022;FUNDEB - FPE;708880383;31
MG;Minas Gerais;2022;FUNDEB - FPM;2103002600;31
MG;Minas Gerais;2022;FUNDEB - ICMS;7697852175;31
MG;Minas Gerais;2022;FUNDEB - IPI-EXP;78690602,67;31
MG;Minas Gerais;2022;FUNDEB - IPVA;805004228,4;31
MG;Minas Gerais;2022;FUNDEB - ITCMD;166033097,7;31
MG;Minas Gerais;2022;FUNDEB - ITR;19544987,42;31
MG;Minas Gerais;2023;AJUSTE FUNDEB - FPE;-335238,33;31
MG;Minas Gerais;2023;AJUSTE FUNDEB - FPM;-1008906,12;31
MG;Minas Gerais;2023;AJUSTE FUNDEB - ICME;-3130070,71;31
MG;Minas Gerais;2023;AJUSTE FUNDEB - IPIE;-29140,78;31
MG;Minas Gerais;2023;AJUSTE FUNDEB - IPVA;-672327;31
MG;Minas Gerais;2023;AJUSTE FUNDEB - ITCMD;-76494,27;31
MG;Minas Gerais;2023;AJUSTE FUNDEB - ITR;-1647,04;31
MG;Minas Gerais;2023;FUNDEB - FPE;707640488,5;31
MG;Minas Gerais;2023;FUNDEB - FPM;2124835044;31
MG;Minas Gerais;2023;FUNDEB - ICMS;7133652673;31
MG;Minas Gerais;2023;FUNDEB - IPI-EXP;67068268,51;31
MG;Minas Gerais;2023;FUNDEB - IPVA;1065589543;31
MG;Minas Gerais;2023;FUNDEB - ITCMD;179549352,5;31
MG;Minas Gerais;2023;FUNDEB - ITR;23536213,73;31
MG;Minas Gerais;2024;AJUSTE FUNDEB - AJUSTE FUNDEB VAAR;72889198,78;31
MG;Minas Gerais;2024;FUNDEB - COUN VAAR;48132951,96;31
MG;Minas Gerais;2024;FUNDEB - FPE;814321754,4;31
MG;Minas Gerais;2024;FUNDEB - FPM;2345400005;31
MG;Minas Gerais;2024;FUNDEB - ICMS;7572280192;31
MG;Minas Gerais;2024;FUNDEB - IPI-EXP;94302249,71;31
MG;Minas Gerais;2024;FUNDEB - IPVA;1097244363;31
MG;Minas Gerais;2024;FUNDEB - ITCMD;198528553,4;31
MG;Minas Gerais;2024;FUNDEB - ITR;26398432,98;31
MG;Minas Gerais;2025;AJUSTE FUNDEB - AJUSTE FUNDEB VAAR;-5344440,05;31
MG;Minas Gerais;2025;AJUSTE FUNDEB - FPE;-36236,22;31
MG;Minas Gerais;2025;AJUSTE FUNDEB - FPM;-108580,03;31
MG;Minas Gerais;2025;AJUSTE FUNDEB - ICME;-353444,32;31
MG;Minas Gerais;2025;AJUSTE FUNDEB - IPIE;-3342,08;31
MG;Minas Gerais;2025;AJUSTE FUNDEB - IPVA;-54279,49;31
MG;Minas Gerais;2025;AJUSTE FUNDEB - ITCMD;-9194,64;31
MG;Minas Gerais;2025;AJUSTE FUNDEB - ITR;-1187,69;31
MG;Minas Gerais;2025;FUNDEB - COUN VAAR;25930928,19;31
MG;Minas Gerais;2025;FUNDEB - FPE;802260169;31
MG;Minas Gerais;2025;FUNDEB - FPM;2471527826;31
MG;Minas Gerais;2025;FUNDEB - FUNDEB - FTI;4547629,11;31
MG;Minas Gerais;2025;FUNDEB - ICMS;7847628888;31
MG;Minas Gerais;2025;FUNDEB - IPI-EXP;99750829,19;31
MG;Minas Gerais;2025;FUNDEB - IPVA;1138111890;31
MG;Minas Gerais;2025;FUNDEB - ITCMD;197167612,8;31
MG;Minas Gerais;2025;FUNDEB - ITR;28343618,36;31
MG;Minas Gerais;2026;AJUSTE FUNDEB - FPE;-154741,79;31
MG;Minas Gerais;2026;AJUSTE FUNDEB - FPM;-458759;31
MG;Minas Gerais;2026;AJUSTE FUNDEB - ICME;-1247370,9;31
MG;Minas Gerais;2026;AJUSTE FUNDEB - IPIE;-15145,15;31
MG;Minas Gerais;2026;AJUSTE FUNDEB - IPVA;-452451,71;31
MG;Minas Gerais;2026;AJUSTE FUNDEB - ITCMD;-26100,42;31
MG;Minas Gerais;2026;AJUSTE FUNDEB - ITR;-652,19;31
MG;Minas Gerais;2026;FUNDEB - COUN VAAF;0;31
MG;Minas Gerais;2026;FUNDEB - COUN VAAR;0;31
MG;Minas Gerais;2026;FUNDEB - COUN VAAT;0;31
MG;Minas Gerais;2026;FUNDEB - FPE;607419103,6;31
MG;Minas Gerais;2026;FUNDEB - FPM;1792514510;31
MG;Minas Gerais;2026;FUNDEB - FUNDEB - FTI;802522,78;31
MG;Minas Gerais;2026;FUNDEB - ICMS;5065946547;31
MG;Minas Gerais;2026;FUNDEB - IPI-EXP;68956011,71;31
MG;Minas Gerais;2026;FUNDEB - IPVA;1070132644;31
MG;Minas Gerais;2026;FUNDEB - ITCMD;114344034,7;31
MG;Minas Gerais;2026;FUNDEB - ITR;3918915,41;31
